#
# Copyright  1990-2008 Sun Microsystems, Inc. All Rights Reserved.  
# DO NOT ALTER OR REMOVE COPYRIGHT NOTICES OR THIS FILE HEADER  
#   
# This program is free software; you can redistribute it and/or  
# modify it under the terms of the GNU General Public License version  
# 2 only, as published by the Free Software Foundation.   
#   
# This program is distributed in the hope that it will be useful, but  
# WITHOUT ANY WARRANTY; without even the implied warranty of  
# MERCHANTABILITY or FITNESS FOR A PARTICULAR PURPOSE. See the GNU  
# General Public License version 2 for more details (a copy is  
# included at /legal/license.txt).   
#   
# You should have received a copy of the GNU General Public License  
# version 2 along with this work; if not, write to the Free Software  
# Foundation, Inc., 51 Franklin St, Fifth Floor, Boston, MA  
# 02110-1301 USA   
#   
# Please contact Sun Microsystems, Inc., 4150 Network Circle, Santa  
# Clara, CA 95054 or visit www.sun.com if you need additional  
# information or have any questions. 
#
# @(#)tzmappings	1.5 06/10/10
#
#
# This table describes mappings between Linux time zone IDs and Java time zone
# IDs. Fields are separated by a single TAB ('\t'). Lines must be in the ascending
# order in ASCII. (non-ASCII characters can't be used.)
#                            NOTE
# This table format is not a public interface of any Java
# platforms. No applications should depend on this file in any form.
#
# Linux		Java
Africa/Abidjan	Africa/Abidjan
Africa/Accra	Africa/Accra
Africa/Addis_Ababa	Africa/Addis_Ababa
Africa/Algiers	Africa/Algiers
Africa/Asmera	Africa/Asmera
Africa/Bamako	GMT
Africa/Bangui	Africa/Bangui
Africa/Banjul	Africa/Banjul
Africa/Bissau	Africa/Bissau
Africa/Blantyre	Africa/Blantyre
Africa/Brazzaville	Africa/Luanda
Africa/Bujumbura	Africa/Bujumbura
Africa/Cairo	Africa/Cairo
Africa/Casablanca	Africa/Casablanca
Africa/Ceuta	Europe/Paris
Africa/Conakry	Africa/Conakry
Africa/Dakar	Africa/Dakar
Africa/Dar_es_Salaam	Africa/Dar_es_Salaam
Africa/Djibouti	Africa/Djibouti
Africa/Douala	Africa/Douala
Africa/El_Aaiun	Africa/Casablanca
Africa/Freetown	Africa/Freetown
Africa/Gaborone	Africa/Gaborone
Africa/Harare	Africa/Harare
Africa/Johannesburg	Africa/Johannesburg
Africa/Kampala	Africa/Kampala
Africa/Khartoum	Africa/Khartoum
Africa/Kigali	Africa/Kigali
Africa/Kinshasa	Africa/Kinshasa
Africa/Lagos	Africa/Lagos
Africa/Libreville	Africa/Libreville
Africa/Lome	Africa/Lome
Africa/Luanda	Africa/Luanda
Africa/Lubumbashi	Africa/Lubumbashi
Africa/Lusaka	Africa/Lusaka
Africa/Malabo	Africa/Malabo
Africa/Maputo	Africa/Maputo
Africa/Maseru	Africa/Maseru
Africa/Mbabane	Africa/Mbabane
Africa/Mogadishu	Africa/Mogadishu
Africa/Monrovia	Africa/Monrovia
Africa/Nairobi	Africa/Nairobi
Africa/Ndjamena	Africa/Ndjamena
Africa/Niamey	Africa/Niamey
Africa/Nouakchott	Africa/Nouakchott
Africa/Ouagadougou	Africa/Ouagadougou
Africa/Porto-Novo	Africa/Porto-Novo
Africa/Sao_Tome	Africa/Sao_Tome
Africa/Timbuktu	Africa/Timbuktu
Africa/Tripoli	Africa/Tripoli
Africa/Tunis	Africa/Tunis
Africa/Windhoek	Africa/Windhoek
America/Adak	America/Adak
America/Anchorage	America/Anchorage
America/Anguilla	America/Anguilla
America/Antigua	America/Antigua
America/Araguaina	America/Sao_Paulo
America/Aruba	America/Aruba
America/Asuncion	America/Asuncion
America/Atka	America/Adak
America/Barbados	America/Barbados
America/Belize	America/Belize
America/Bogota	America/Bogota
America/Boise	America/Denver
America/Buenos_Aires	America/Buenos_Aires
America/Cancun	America/Chicago
America/Caracas	America/Caracas
America/Cayenne	America/Cayenne
America/Cayman	America/Cayman
America/Chicago	America/Chicago
America/Chihuahua	America/Denver
America/Costa_Rica	America/Costa_Rica
America/Cuiaba	America/Cuiaba
America/Curacao	America/Curacao
America/Dawson	America/Los_Angeles
America/Dawson_Creek	America/Dawson_Creek
America/Denver	America/Denver
America/Detroit	America/New_York
America/Dominica	America/Dominica
America/Edmonton	America/Edmonton
America/El_Salvador	America/El_Salvador
America/Ensenada	America/Tijuana
America/Fort_Wayne	America/Indianapolis
America/Fortaleza	America/Fortaleza
America/Glace_Bay	America/Halifax
America/Godthab	America/Godthab
America/Goose_Bay	America/Thule
America/Grand_Turk	America/Grand_Turk
America/Grenada	America/Grenada
America/Guadeloupe	America/Guadeloupe
America/Guatemala	America/Guatemala
America/Guayaquil	America/Guayaquil
America/Guyana	America/Guyana
America/Halifax	America/Halifax
America/Havana	America/Havana
America/Indiana/Indianapolis	America/Indianapolis
America/Indianapolis	America/Indianapolis
America/Inuvik	America/Denver
America/Iqaluit	America/New_York
America/Jamaica	America/Jamaica
America/Juneau	America/Anchorage
America/La_Paz	America/La_Paz
America/Lima	America/Lima
America/Los_Angeles	America/Los_Angeles
America/Louisville	America/New_York
America/Managua	America/Managua
America/Manaus	America/Manaus
America/Martinique	America/Martinique
America/Mazatlan	America/Mazatlan
America/Menominee	America/Winnipeg
America/Mexico_City	America/Mexico_City
America/Miquelon	America/Miquelon
America/Montevideo	America/Montevideo
America/Montreal	America/Montreal
America/Montserrat	America/Montserrat
America/Nassau	America/Nassau
America/New_York	America/New_York
America/Nipigon	America/New_York
America/Nome	America/Anchorage
America/Noronha	America/Noronha
America/Panama	America/Panama
America/Pangnirtung	America/Thule
America/Paramaribo	America/Paramaribo
America/Phoenix	America/Phoenix
America/Port-au-Prince	America/Port-au-Prince
America/Port_of_Spain	America/Port_of_Spain
America/Porto_Acre	America/Porto_Acre
America/Puerto_Rico	America/Puerto_Rico
America/Rainy_River	America/Chicago
America/Rankin_Inlet	America/Chicago
America/Regina	America/Regina
America/Santiago	America/Santiago
America/Santo_Domingo	America/Santo_Domingo
America/Sao_Paulo	America/Sao_Paulo
America/Scoresbysund	America/Scoresbysund
America/Shiprock	America/Denver
America/St_Johns	America/St_Johns
America/St_Kitts	America/St_Kitts
America/St_Lucia	America/St_Lucia
America/St_Thomas	America/St_Thomas
America/St_Vincent	America/St_Vincent
America/Tegucigalpa	America/Tegucigalpa
America/Thule	America/Thule
America/Thunder_Bay	America/New_York
America/Tijuana	America/Tijuana
America/Tortola	America/Tortola
America/Vancouver	America/Vancouver
America/Virgin	America/St_Thomas
America/Whitehorse	America/Los_Angeles
America/Winnipeg	America/Winnipeg
America/Yakutat	America/Anchorage
America/Yellowknife	America/Denver
Antarctica/Casey	Antarctica/Casey
Antarctica/DumontDUrville	Antarctica/DumontDUrville
Antarctica/Mawson	Antarctica/Mawson
Antarctica/McMurdo	Antarctica/McMurdo
Antarctica/Palmer	Antarctica/Palmer
Antarctica/South_Pole	Antarctica/McMurdo
Arctic/Longyearbyen	Europe/Oslo
Asia/Aden	Asia/Aden
Asia/Almaty	Asia/Almaty
Asia/Amman	Asia/Amman
Asia/Anadyr	Asia/Anadyr
Asia/Aqtau	Asia/Aqtau
Asia/Aqtobe	Asia/Aqtobe
Asia/Ashkhabad	Asia/Ashkhabad
Asia/Baghdad	Asia/Baghdad
Asia/Bahrain	Asia/Bahrain
Asia/Baku	Asia/Baku
Asia/Bangkok	Asia/Bangkok
Asia/Beirut	Asia/Beirut
Asia/Bishkek	Asia/Bishkek
Asia/Brunei	Asia/Brunei
Asia/Calcutta	Asia/Calcutta
Asia/Chungking	Asia/Shanghai
Asia/Colombo	Asia/Colombo
Asia/Dacca	Asia/Dacca
Asia/Damascus	Asia/Damascus
Asia/Dubai	Asia/Dubai
Asia/Dushanbe	Asia/Dushanbe
Asia/Gaza	Asia/Amman
Asia/Harbin	Asia/Shanghai
Asia/Hong_Kong	Asia/Hong_Kong
Asia/Irkutsk	Asia/Irkutsk
Asia/Istanbul	Europe/Istanbul
Asia/Jakarta	Asia/Jakarta
Asia/Jayapura	Asia/Jayapura
Asia/Jerusalem	Asia/Jerusalem
Asia/Kabul	Asia/Kabul
Asia/Kamchatka	Asia/Kamchatka
Asia/Karachi	Asia/Karachi
Asia/Kashgar	Asia/Shanghai
Asia/Katmandu	Asia/Katmandu
Asia/Krasnoyarsk	Asia/Krasnoyarsk
Asia/Kuala_Lumpur	Asia/Kuala_Lumpur
Asia/Kuwait	Asia/Kuwait
Asia/Macao	Asia/Macao
Asia/Magadan	Asia/Magadan
Asia/Manila	Asia/Manila
Asia/Muscat	Asia/Muscat
Asia/Nicosia	Asia/Nicosia
Asia/Novosibirsk	Asia/Novosibirsk
Asia/Omsk	Asia/Novosibirsk
Asia/Phnom_Penh	Asia/Phnom_Penh
Asia/Pyongyang	Asia/Pyongyang
Asia/Qatar	Asia/Qatar
Asia/Rangoon	Asia/Rangoon
Asia/Riyadh	Asia/Riyadh
Asia/Saigon	Asia/Saigon
Asia/Seoul	Asia/Seoul
Asia/Shanghai	Asia/Shanghai
Asia/Singapore	Asia/Singapore
Asia/Taipei	Asia/Taipei
Asia/Tashkent	Asia/Tashkent
Asia/Tbilisi	Asia/Tbilisi
Asia/Tehran	Asia/Tehran
Asia/Tel_Aviv	Asia/Jerusalem
Asia/Thimbu	Asia/Thimbu
Asia/Tokyo	Asia/Tokyo
Asia/Ujung_Pandang	Asia/Ujung_Pandang
Asia/Urumqi	Asia/Shanghai
Asia/Vientiane	Asia/Vientiane
Asia/Vladivostok	Asia/Vladivostok
Asia/Yakutsk	Asia/Yakutsk
Asia/Yekaterinburg	Asia/Yekaterinburg
Asia/Yerevan	Asia/Yerevan
Atlantic/Azores	Atlantic/Azores
Atlantic/Bermuda	Atlantic/Bermuda
Atlantic/Canary	Atlantic/Canary
Atlantic/Cape_Verde	Atlantic/Cape_Verde
Atlantic/Faeroe	Atlantic/Faeroe
Atlantic/Jan_Mayen	Atlantic/Jan_Mayen
Atlantic/Madeira	Europe/London
Atlantic/Reykjavik	Atlantic/Reykjavik
Atlantic/South_Georgia	Atlantic/South_Georgia
Atlantic/St_Helena	Atlantic/St_Helena
Atlantic/Stanley	Atlantic/Stanley
Australia/ACT	Australia/Sydney
Australia/Adelaide	Australia/Adelaide
Australia/Brisbane	Australia/Brisbane
Australia/Broken_Hill	Australia/Broken_Hill
Australia/Canberra	Australia/Sydney
Australia/Darwin	Australia/Darwin
Australia/Hobart	Australia/Hobart
Australia/LHI	Australia/Lord_Howe
Australia/Lord_Howe	Australia/Lord_Howe
Australia/Melbourne	Australia/Sydney
Australia/NSW	Australia/Sydney
Australia/North	Australia/Darwin
Australia/Perth	Australia/Perth
Australia/Queensland	Australia/Brisbane
Australia/South	Australia/Adelaide
Australia/Sydney	Australia/Sydney
Australia/Tasmania	Australia/Hobart
Australia/Victoria	Australia/Sydney
Australia/West	Australia/Perth
Australia/Yancowinna	Australia/Broken_Hill
Brazil/Acre	America/Porto_Acre
Brazil/DeNoronha	America/Noronha
Brazil/East	America/Sao_Paulo
Brazil/West	America/Manaus
CET	Europe/Paris
CST6CDT	America/Chicago
Canada/Atlantic	America/Halifax
Canada/Central	America/Winnipeg
Canada/East-Saskatchewan	America/Regina
Canada/Eastern	America/Montreal
Canada/Mountain	America/Edmonton
Canada/Newfoundland	America/St_Johns
Canada/Pacific	America/Vancouver
Canada/Saskatchewan	America/Regina
Canada/Yukon	America/Los_Angeles
Chile/Continental	America/Santiago
Chile/EasterIsland	Pacific/Easter
Cuba	America/Havana
EET	Europe/Istanbul
EST	America/Indianapolis
EST5EDT	America/New_York
Egypt	Africa/Cairo
Eire	Europe/Dublin
Etc/GMT	GMT
Etc/GMT0	GMT
Etc/Greenwich	GMT
Etc/UCT	UTC
Etc/UTC	UTC
Etc/Universal	UTC
Etc/Zulu	UTC
Europe/Amsterdam	Europe/Amsterdam
Europe/Andorra	Europe/Andorra
Europe/Athens	Europe/Athens
Europe/Belfast	Europe/London
Europe/Belgrade	Europe/Belgrade
Europe/Berlin	Europe/Berlin
Europe/Bratislava	Europe/Prague
Europe/Brussels	Europe/Brussels
Europe/Bucharest	Europe/Bucharest
Europe/Budapest	Europe/Budapest
Europe/Chisinau	Europe/Chisinau
Europe/Copenhagen	Europe/Copenhagen
Europe/Dublin	Europe/Dublin
Europe/Gibraltar	Europe/Gibraltar
Europe/Helsinki	Europe/Helsinki
Europe/Istanbul	Europe/Istanbul
Europe/Kaliningrad	Europe/Kaliningrad
Europe/Kiev	Europe/Kiev
Europe/Lisbon	Europe/Lisbon
Europe/Ljubljana	Europe/Belgrade
Europe/London	Europe/London
Europe/Luxembourg	Europe/Luxembourg
Europe/Madrid	Europe/Madrid
Europe/Malta	Europe/Malta
Europe/Minsk	Europe/Minsk
Europe/Monaco	Europe/Monaco
Europe/Moscow	Europe/Moscow
Europe/Oslo	Europe/Oslo
Europe/Paris	Europe/Paris
Europe/Prague	Europe/Prague
Europe/Riga	Europe/Riga
Europe/Rome	Europe/Rome
Europe/Samara	Europe/Samara
Europe/San_Marino	Europe/Rome
Europe/Sarajevo	Europe/Belgrade
Europe/Simferopol	Europe/Simferopol
Europe/Skopje	Europe/Belgrade
Europe/Sofia	Europe/Sofia
Europe/Stockholm	Europe/Stockholm
Europe/Tallinn	Europe/Tallinn
Europe/Tirane	Europe/Tirane
Europe/Vaduz	Europe/Vaduz
Europe/Vatican	Europe/Rome
Europe/Vienna	Europe/Vienna
Europe/Vilnius	Europe/Vilnius
Europe/Warsaw	Europe/Warsaw
Europe/Zagreb	Europe/Belgrade
Europe/Zurich	Europe/Zurich
Factory	GMT
GB	Europe/London
GMT	GMT
GMT0	GMT
Greenwich	GMT
HST	Pacific/Honolulu
Hongkong	Asia/Hong_Kong
Iceland	Atlantic/Reykjavik
Indian/Antananarivo	Indian/Antananarivo
Indian/Chagos	Indian/Chagos
Indian/Christmas	Indian/Christmas
Indian/Cocos	Indian/Cocos
Indian/Comoro	Indian/Comoro
Indian/Kerguelen	Indian/Kerguelen
Indian/Mahe	Indian/Mahe
Indian/Maldives	Indian/Maldives
Indian/Mauritius	Indian/Mauritius
Indian/Mayotte	Indian/Mayotte
Indian/Reunion	Indian/Reunion
Iran	Asia/Tehran
Israel	Asia/Jerusalem
Jamaica	America/Jamaica
Japan	Asia/Tokyo
Libya	Africa/Tripoli
MET	Europe/Paris
MST	America/Phoenix
MST7MDT	America/Denver
Mexico/BajaNorte	America/Tijuana
Mexico/BajaSur	America/Mazatlan
Mexico/General	America/Mexico_City
NZ	Pacific/Auckland
NZ-CHAT	Pacific/Chatham
Navajo	America/Denver
PRC	Asia/Shanghai
PST8PDT	America/Los_Angeles
Pacific/Apia	Pacific/Apia
Pacific/Auckland	Pacific/Auckland
Pacific/Chatham	Pacific/Chatham
Pacific/Easter	Pacific/Easter
Pacific/Efate	Pacific/Efate
Pacific/Enderbury	Pacific/Enderbury
Pacific/Fakaofo	Pacific/Fakaofo
Pacific/Fiji	Pacific/Fiji
Pacific/Funafuti	Pacific/Funafuti
Pacific/Galapagos	Pacific/Galapagos
Pacific/Gambier	Pacific/Gambier
Pacific/Guadalcanal	Pacific/Guadalcanal
Pacific/Guam	Pacific/Guam
Pacific/Honolulu	Pacific/Honolulu
Pacific/Kiritimati	Pacific/Kiritimati
Pacific/Kosrae	Pacific/Kosrae
Pacific/Majuro	Pacific/Majuro
Pacific/Marquesas	Pacific/Marquesas
Pacific/Nauru	Pacific/Nauru
Pacific/Niue	Pacific/Niue
Pacific/Norfolk	Pacific/Norfolk
Pacific/Noumea	Pacific/Noumea
Pacific/Pago_Pago	Pacific/Pago_Pago
Pacific/Palau	Pacific/Palau
Pacific/Pitcairn	Pacific/Pitcairn
Pacific/Ponape	Pacific/Ponape
Pacific/Port_Moresby	Pacific/Port_Moresby
Pacific/Rarotonga	Pacific/Rarotonga
Pacific/Saipan	Pacific/Saipan
Pacific/Samoa	Pacific/Pago_Pago
Pacific/Tahiti	Pacific/Tahiti
Pacific/Tarawa	Pacific/Tarawa
Pacific/Tongatapu	Pacific/Tongatapu
Pacific/Truk	Pacific/Truk
Pacific/Wake	Pacific/Wake
Pacific/Wallis	Pacific/Wallis
Poland	Europe/Warsaw
Portugal	Europe/Lisbon
ROC	Asia/Taipei
ROK	Asia/Seoul
Singapore	Asia/Singapore
SystemV/AST4ADT	America/Thule
SystemV/CST6CDT	America/Chicago
SystemV/EST5EDT	America/New_York
SystemV/MST7MDT	America/Denver
SystemV/PST8PDT	America/Los_Angeles
SystemV/YST9YDT	America/Anchorage
Turkey	Europe/Istanbul
UCT	UTC
US/Alaska	America/Anchorage
US/Aleutian	America/Adak
US/Arizona	America/Phoenix
US/Central	America/Chicago
US/East-Indiana	America/Indianapolis
US/Eastern	America/New_York
US/Hawaii	Pacific/Honolulu
US/Michigan	America/New_York
US/Mountain	America/Denver
US/Pacific	America/Los_Angeles
US/Samoa	Pacific/Pago_Pago
UTC	UTC
Universal	UTC
W-SU	Europe/Moscow
WET	WET
Zulu	UTC
posix/Africa/Abidjan	Africa/Abidjan
posix/Africa/Accra	Africa/Accra
posix/Africa/Addis_Ababa	Africa/Addis_Ababa
posix/Africa/Algiers	Africa/Algiers
posix/Africa/Asmera	Africa/Asmera
posix/Africa/Bamako	GMT
posix/Africa/Bangui	Africa/Bangui
posix/Africa/Banjul	Africa/Banjul
posix/Africa/Bissau	Africa/Bissau
posix/Africa/Blantyre	Africa/Blantyre
posix/Africa/Brazzaville	Africa/Luanda
posix/Africa/Bujumbura	Africa/Bujumbura
posix/Africa/Cairo	Africa/Cairo
posix/Africa/Casablanca	Africa/Casablanca
posix/Africa/Ceuta	Europe/Paris
posix/Africa/Conakry	Africa/Conakry
posix/Africa/Dakar	Africa/Dakar
posix/Africa/Dar_es_Salaam	Africa/Dar_es_Salaam
posix/Africa/Djibouti	Africa/Djibouti
posix/Africa/Douala	Africa/Douala
posix/Africa/El_Aaiun	Africa/Casablanca
posix/Africa/Freetown	Africa/Freetown
posix/Africa/Gaborone	Africa/Gaborone
posix/Africa/Harare	Africa/Harare
posix/Africa/Johannesburg	Africa/Johannesburg
posix/Africa/Kampala	Africa/Kampala
posix/Africa/Khartoum	Africa/Khartoum
posix/Africa/Kigali	Africa/Kigali
posix/Africa/Kinshasa	Africa/Kinshasa
posix/Africa/Lagos	Africa/Lagos
posix/Africa/Libreville	Africa/Libreville
posix/Africa/Lome	Africa/Lome
posix/Africa/Luanda	Africa/Luanda
posix/Africa/Lubumbashi	Africa/Lubumbashi
posix/Africa/Lusaka	Africa/Lusaka
posix/Africa/Malabo	Africa/Malabo
posix/Africa/Maputo	Africa/Maputo
posix/Africa/Maseru	Africa/Maseru
posix/Africa/Mbabane	Africa/Mbabane
posix/Africa/Mogadishu	Africa/Mogadishu
posix/Africa/Monrovia	Africa/Monrovia
posix/Africa/Nairobi	Africa/Nairobi
posix/Africa/Ndjamena	Africa/Ndjamena
posix/Africa/Niamey	Africa/Niamey
posix/Africa/Nouakchott	Africa/Nouakchott
posix/Africa/Ouagadougou	Africa/Ouagadougou
posix/Africa/Porto-Novo	Africa/Porto-Novo
posix/Africa/Sao_Tome	Africa/Sao_Tome
posix/Africa/Timbuktu	Africa/Timbuktu
posix/Africa/Tripoli	Africa/Tripoli
posix/Africa/Tunis	Africa/Tunis
posix/Africa/Windhoek	Africa/Windhoek
posix/America/Adak	America/Adak
posix/America/Anchorage	America/Anchorage
posix/America/Anguilla	America/Anguilla
posix/America/Antigua	America/Antigua
posix/America/Araguaina	America/Sao_Paulo
posix/America/Aruba	America/Aruba
posix/America/Asuncion	America/Asuncion
posix/America/Atka	America/Adak
posix/America/Barbados	America/Barbados
posix/America/Belize	America/Belize
posix/America/Bogota	America/Bogota
posix/America/Boise	America/Denver
posix/America/Buenos_Aires	America/Buenos_Aires
posix/America/Cancun	America/Chicago
posix/America/Caracas	America/Caracas
posix/America/Cayenne	America/Cayenne
posix/America/Cayman	America/Cayman
posix/America/Chicago	America/Chicago
posix/America/Chihuahua	America/Denver
posix/America/Costa_Rica	America/Costa_Rica
posix/America/Cuiaba	America/Cuiaba
posix/America/Curacao	America/Curacao
posix/America/Dawson	America/Los_Angeles
posix/America/Dawson_Creek	America/Dawson_Creek
posix/America/Denver	America/Denver
posix/America/Detroit	America/New_York
posix/America/Dominica	America/Dominica
posix/America/Edmonton	America/Edmonton
posix/America/El_Salvador	America/El_Salvador
posix/America/Ensenada	America/Tijuana
posix/America/Fort_Wayne	America/Indianapolis
posix/America/Fortaleza	America/Fortaleza
posix/America/Glace_Bay	America/Halifax
posix/America/Godthab	America/Godthab
posix/America/Goose_Bay	America/Thule
posix/America/Grand_Turk	America/Grand_Turk
posix/America/Grenada	America/Grenada
posix/America/Guadeloupe	America/Guadeloupe
posix/America/Guatemala	America/Guatemala
posix/America/Guayaquil	America/Guayaquil
posix/America/Guyana	America/Guyana
posix/America/Halifax	America/Halifax
posix/America/Havana	America/Havana
posix/America/Indiana/Indianapolis	America/Indianapolis
posix/America/Indianapolis	America/Indianapolis
posix/America/Inuvik	America/Denver
posix/America/Iqaluit	America/New_York
posix/America/Jamaica	America/Jamaica
posix/America/Juneau	America/Anchorage
posix/America/La_Paz	America/La_Paz
posix/America/Lima	America/Lima
posix/America/Los_Angeles	America/Los_Angeles
posix/America/Louisville	America/New_York
posix/America/Managua	America/Managua
posix/America/Manaus	America/Manaus
posix/America/Martinique	America/Martinique
posix/America/Mazatlan	America/Mazatlan
posix/America/Menominee	America/Winnipeg
posix/America/Mexico_City	America/Mexico_City
posix/America/Miquelon	America/Miquelon
posix/America/Montevideo	America/Montevideo
posix/America/Montreal	America/Montreal
posix/America/Montserrat	America/Montserrat
posix/America/Nassau	America/Nassau
posix/America/New_York	America/New_York
posix/America/Nipigon	America/New_York
posix/America/Nome	America/Anchorage
posix/America/Noronha	America/Noronha
posix/America/Panama	America/Panama
posix/America/Pangnirtung	America/Thule
posix/America/Paramaribo	America/Paramaribo
posix/America/Phoenix	America/Phoenix
posix/America/Port-au-Prince	America/Port-au-Prince
posix/America/Port_of_Spain	America/Port_of_Spain
posix/America/Porto_Acre	America/Porto_Acre
posix/America/Puerto_Rico	America/Puerto_Rico
posix/America/Rainy_River	America/Chicago
posix/America/Rankin_Inlet	America/Chicago
posix/America/Regina	America/Regina
posix/America/Santiago	America/Santiago
posix/America/Santo_Domingo	America/Santo_Domingo
posix/America/Sao_Paulo	America/Sao_Paulo
posix/America/Scoresbysund	America/Scoresbysund
posix/America/Shiprock	America/Denver
posix/America/St_Johns	America/St_Johns
posix/America/St_Kitts	America/St_Kitts
posix/America/St_Lucia	America/St_Lucia
posix/America/St_Thomas	America/St_Thomas
posix/America/St_Vincent	America/St_Vincent
posix/America/Tegucigalpa	America/Tegucigalpa
posix/America/Thule	America/Thule
posix/America/Thunder_Bay	America/New_York
posix/America/Tijuana	America/Tijuana
posix/America/Tortola	America/Tortola
posix/America/Vancouver	America/Vancouver
posix/America/Virgin	America/St_Thomas
posix/America/Whitehorse	America/Los_Angeles
posix/America/Winnipeg	America/Winnipeg
posix/America/Yakutat	America/Anchorage
posix/America/Yellowknife	America/Denver
posix/Antarctica/Casey	Antarctica/Casey
posix/Antarctica/DumontDUrville	Antarctica/DumontDUrville
posix/Antarctica/Mawson	Antarctica/Mawson
posix/Antarctica/McMurdo	Antarctica/McMurdo
posix/Antarctica/Palmer	Antarctica/Palmer
posix/Antarctica/South_Pole	Antarctica/McMurdo
posix/Arctic/Longyearbyen	Europe/Oslo
posix/Asia/Aden	Asia/Aden
posix/Asia/Almaty	Asia/Almaty
posix/Asia/Amman	Asia/Amman
posix/Asia/Anadyr	Asia/Anadyr
posix/Asia/Aqtau	Asia/Aqtau
posix/Asia/Aqtobe	Asia/Aqtobe
posix/Asia/Ashkhabad	Asia/Ashkhabad
posix/Asia/Baghdad	Asia/Baghdad
posix/Asia/Bahrain	Asia/Bahrain
posix/Asia/Baku	Asia/Baku
posix/Asia/Bangkok	Asia/Bangkok
posix/Asia/Beirut	Asia/Beirut
posix/Asia/Bishkek	Asia/Bishkek
posix/Asia/Brunei	Asia/Brunei
posix/Asia/Calcutta	Asia/Calcutta
posix/Asia/Chungking	Asia/Shanghai
posix/Asia/Colombo	Asia/Colombo
posix/Asia/Dacca	Asia/Dacca
posix/Asia/Damascus	Asia/Damascus
posix/Asia/Dubai	Asia/Dubai
posix/Asia/Dushanbe	Asia/Dushanbe
posix/Asia/Gaza	Asia/Amman
posix/Asia/Harbin	Asia/Shanghai
posix/Asia/Hong_Kong	Asia/Hong_Kong
posix/Asia/Irkutsk	Asia/Irkutsk
posix/Asia/Istanbul	Europe/Istanbul
posix/Asia/Jakarta	Asia/Jakarta
posix/Asia/Jayapura	Asia/Jayapura
posix/Asia/Jerusalem	Asia/Jerusalem
posix/Asia/Kabul	Asia/Kabul
posix/Asia/Kamchatka	Asia/Kamchatka
posix/Asia/Karachi	Asia/Karachi
posix/Asia/Kashgar	Asia/Shanghai
posix/Asia/Katmandu	Asia/Katmandu
posix/Asia/Krasnoyarsk	Asia/Krasnoyarsk
posix/Asia/Kuala_Lumpur	Asia/Kuala_Lumpur
posix/Asia/Kuwait	Asia/Kuwait
posix/Asia/Macao	Asia/Macao
posix/Asia/Magadan	Asia/Magadan
posix/Asia/Manila	Asia/Manila
posix/Asia/Muscat	Asia/Muscat
posix/Asia/Nicosia	Asia/Nicosia
posix/Asia/Novosibirsk	Asia/Novosibirsk
posix/Asia/Omsk	Asia/Novosibirsk
posix/Asia/Phnom_Penh	Asia/Phnom_Penh
posix/Asia/Pyongyang	Asia/Pyongyang
posix/Asia/Qatar	Asia/Qatar
posix/Asia/Rangoon	Asia/Rangoon
posix/Asia/Riyadh	Asia/Riyadh
posix/Asia/Saigon	Asia/Saigon
posix/Asia/Seoul	Asia/Seoul
posix/Asia/Shanghai	Asia/Shanghai
posix/Asia/Singapore	Asia/Singapore
posix/Asia/Taipei	Asia/Taipei
posix/Asia/Tashkent	Asia/Tashkent
posix/Asia/Tbilisi	Asia/Tbilisi
posix/Asia/Tehran	Asia/Tehran
posix/Asia/Tel_Aviv	Asia/Jerusalem
posix/Asia/Thimbu	Asia/Thimbu
posix/Asia/Tokyo	Asia/Tokyo
posix/Asia/Ujung_Pandang	Asia/Ujung_Pandang
posix/Asia/Urumqi	Asia/Shanghai
posix/Asia/Vientiane	Asia/Vientiane
posix/Asia/Vladivostok	Asia/Vladivostok
posix/Asia/Yakutsk	Asia/Yakutsk
posix/Asia/Yekaterinburg	Asia/Yekaterinburg
posix/Asia/Yerevan	Asia/Yerevan
posix/Atlantic/Azores	Atlantic/Azores
posix/Atlantic/Bermuda	Atlantic/Bermuda
posix/Atlantic/Canary	Atlantic/Canary
posix/Atlantic/Cape_Verde	Atlantic/Cape_Verde
posix/Atlantic/Faeroe	Atlantic/Faeroe
posix/Atlantic/Jan_Mayen	Atlantic/Jan_Mayen
posix/Atlantic/Madeira	Europe/London
posix/Atlantic/Reykjavik	Atlantic/Reykjavik
posix/Atlantic/South_Georgia	Atlantic/South_Georgia
posix/Atlantic/St_Helena	Atlantic/St_Helena
posix/Atlantic/Stanley	Atlantic/Stanley
posix/Australia/ACT	Australia/Sydney
posix/Australia/Adelaide	Australia/Adelaide
posix/Australia/Brisbane	Australia/Brisbane
posix/Australia/Broken_Hill	Australia/Broken_Hill
posix/Australia/Canberra	Australia/Sydney
posix/Australia/Darwin	Australia/Darwin
posix/Australia/Hobart	Australia/Hobart
posix/Australia/LHI	Australia/Lord_Howe
posix/Australia/Lord_Howe	Australia/Lord_Howe
posix/Australia/Melbourne	Australia/Sydney
posix/Australia/NSW	Australia/Sydney
posix/Australia/North	Australia/Darwin
posix/Australia/Perth	Australia/Perth
posix/Australia/Queensland	Australia/Brisbane
posix/Australia/South	Australia/Adelaide
posix/Australia/Sydney	Australia/Sydney
posix/Australia/Tasmania	Australia/Hobart
posix/Australia/Victoria	Australia/Sydney
posix/Australia/West	Australia/Perth
posix/Australia/Yancowinna	Australia/Broken_Hill
posix/Brazil/Acre	America/Porto_Acre
posix/Brazil/DeNoronha	America/Noronha
posix/Brazil/East	America/Sao_Paulo
posix/Brazil/West	America/Manaus
posix/CET	Europe/Paris
posix/CST6CDT	America/Chicago
posix/Canada/Atlantic	America/Halifax
posix/Canada/Central	America/Winnipeg
posix/Canada/East-Saskatchewan	America/Regina
posix/Canada/Eastern	America/Montreal
posix/Canada/Mountain	America/Edmonton
posix/Canada/Newfoundland	America/St_Johns
posix/Canada/Pacific	America/Vancouver
posix/Canada/Saskatchewan	America/Regina
posix/Canada/Yukon	America/Los_Angeles
posix/Chile/Continental	America/Santiago
posix/Chile/EasterIsland	Pacific/Easter
posix/Cuba	America/Havana
posix/EET	Europe/Istanbul
posix/EST	America/Indianapolis
posix/EST5EDT	America/New_York
posix/Egypt	Africa/Cairo
posix/Eire	Europe/Dublin
posix/Etc/GMT	GMT
posix/Etc/GMT0	GMT
posix/Etc/Greenwich	GMT
posix/Etc/UCT	UTC
posix/Etc/UTC	UTC
posix/Etc/Universal	UTC
posix/Etc/Zulu	UTC
posix/Europe/Amsterdam	Europe/Amsterdam
posix/Europe/Andorra	Europe/Andorra
posix/Europe/Athens	Europe/Athens
posix/Europe/Belfast	Europe/London
posix/Europe/Belgrade	Europe/Belgrade
posix/Europe/Berlin	Europe/Berlin
posix/Europe/Bratislava	Europe/Prague
posix/Europe/Brussels	Europe/Brussels
posix/Europe/Bucharest	Europe/Bucharest
posix/Europe/Budapest	Europe/Budapest
posix/Europe/Chisinau	Europe/Chisinau
posix/Europe/Copenhagen	Europe/Copenhagen
posix/Europe/Dublin	Europe/Dublin
posix/Europe/Gibraltar	Europe/Gibraltar
posix/Europe/Helsinki	Europe/Helsinki
posix/Europe/Istanbul	Europe/Istanbul
posix/Europe/Kaliningrad	Europe/Kaliningrad
posix/Europe/Kiev	Europe/Kiev
posix/Europe/Lisbon	Europe/Lisbon
posix/Europe/Ljubljana	Europe/Belgrade
posix/Europe/London	Europe/London
posix/Europe/Luxembourg	Europe/Luxembourg
posix/Europe/Madrid	Europe/Madrid
posix/Europe/Malta	Europe/Malta
posix/Europe/Minsk	Europe/Minsk
posix/Europe/Monaco	Europe/Monaco
posix/Europe/Moscow	Europe/Moscow
posix/Europe/Oslo	Europe/Oslo
posix/Europe/Paris	Europe/Paris
posix/Europe/Prague	Europe/Prague
posix/Europe/Riga	Europe/Riga
posix/Europe/Rome	Europe/Rome
posix/Europe/Samara	Europe/Samara
posix/Europe/San_Marino	Europe/Rome
posix/Europe/Sarajevo	Europe/Belgrade
posix/Europe/Simferopol	Europe/Simferopol
posix/Europe/Skopje	Europe/Belgrade
posix/Europe/Sofia	Europe/Sofia
posix/Europe/Stockholm	Europe/Stockholm
posix/Europe/Tallinn	Europe/Tallinn
posix/Europe/Tirane	Europe/Tirane
posix/Europe/Vaduz	Europe/Vaduz
posix/Europe/Vatican	Europe/Rome
posix/Europe/Vienna	Europe/Vienna
posix/Europe/Vilnius	Europe/Vilnius
posix/Europe/Warsaw	Europe/Warsaw
posix/Europe/Zagreb	Europe/Belgrade
posix/Europe/Zurich	Europe/Zurich
posix/Factory	GMT
posix/GB	Europe/London
posix/GMT	GMT
posix/GMT0	GMT
posix/Greenwich	GMT
posix/HST	Pacific/Honolulu
posix/Hongkong	Asia/Hong_Kong
posix/Iceland	Atlantic/Reykjavik
posix/Indian/Antananarivo	Indian/Antananarivo
posix/Indian/Chagos	Indian/Chagos
posix/Indian/Christmas	Indian/Christmas
posix/Indian/Cocos	Indian/Cocos
posix/Indian/Comoro	Indian/Comoro
posix/Indian/Kerguelen	Indian/Kerguelen
posix/Indian/Mahe	Indian/Mahe
posix/Indian/Maldives	Indian/Maldives
posix/Indian/Mauritius	Indian/Mauritius
posix/Indian/Mayotte	Indian/Mayotte
posix/Indian/Reunion	Indian/Reunion
posix/Iran	Asia/Tehran
posix/Israel	Asia/Jerusalem
posix/Jamaica	America/Jamaica
posix/Japan	Asia/Tokyo
posix/Libya	Africa/Tripoli
posix/MET	Europe/Paris
posix/MST	America/Phoenix
posix/MST7MDT	America/Denver
posix/Mexico/BajaNorte	America/Tijuana
posix/Mexico/BajaSur	America/Mazatlan
posix/Mexico/General	America/Mexico_City
posix/NZ	Pacific/Auckland
posix/NZ-CHAT	Pacific/Chatham
posix/Navajo	America/Denver
posix/PRC	Asia/Shanghai
posix/PST8PDT	America/Los_Angeles
posix/Pacific/Apia	Pacific/Apia
posix/Pacific/Auckland	Pacific/Auckland
posix/Pacific/Chatham	Pacific/Chatham
posix/Pacific/Easter	Pacific/Easter
posix/Pacific/Efate	Pacific/Efate
posix/Pacific/Enderbury	Pacific/Enderbury
posix/Pacific/Fakaofo	Pacific/Fakaofo
posix/Pacific/Fiji	Pacific/Fiji
posix/Pacific/Funafuti	Pacific/Funafuti
posix/Pacific/Galapagos	Pacific/Galapagos
posix/Pacific/Gambier	Pacific/Gambier
posix/Pacific/Guadalcanal	Pacific/Guadalcanal
posix/Pacific/Guam	Pacific/Guam
posix/Pacific/Honolulu	Pacific/Honolulu
posix/Pacific/Kiritimati	Pacific/Kiritimati
posix/Pacific/Kosrae	Pacific/Kosrae
posix/Pacific/Majuro	Pacific/Majuro
posix/Pacific/Marquesas	Pacific/Marquesas
posix/Pacific/Nauru	Pacific/Nauru
posix/Pacific/Niue	Pacific/Niue
posix/Pacific/Norfolk	Pacific/Norfolk
posix/Pacific/Noumea	Pacific/Noumea
posix/Pacific/Pago_Pago	Pacific/Pago_Pago
posix/Pacific/Palau	Pacific/Palau
posix/Pacific/Pitcairn	Pacific/Pitcairn
posix/Pacific/Ponape	Pacific/Ponape
posix/Pacific/Port_Moresby	Pacific/Port_Moresby
posix/Pacific/Rarotonga	Pacific/Rarotonga
posix/Pacific/Saipan	Pacific/Saipan
posix/Pacific/Samoa	Pacific/Pago_Pago
posix/Pacific/Tahiti	Pacific/Tahiti
posix/Pacific/Tarawa	Pacific/Tarawa
posix/Pacific/Tongatapu	Pacific/Tongatapu
posix/Pacific/Truk	Pacific/Truk
posix/Pacific/Wake	Pacific/Wake
posix/Pacific/Wallis	Pacific/Wallis
posix/Poland	Europe/Warsaw
posix/Portugal	Europe/Lisbon
posix/ROC	Asia/Taipei
posix/ROK	Asia/Seoul
posix/Singapore	Asia/Singapore
posix/SystemV/AST4ADT	America/Thule
posix/SystemV/CST6CDT	America/Chicago
posix/SystemV/EST5EDT	America/New_York
posix/SystemV/MST7MDT	America/Denver
posix/SystemV/PST8PDT	America/Los_Angeles
posix/SystemV/YST9YDT	America/Anchorage
posix/Turkey	Europe/Istanbul
posix/UCT	UTC
posix/US/Alaska	America/Anchorage
posix/US/Aleutian	America/Adak
posix/US/Arizona	America/Phoenix
posix/US/Central	America/Chicago
posix/US/East-Indiana	America/Indianapolis
posix/US/Eastern	America/New_York
posix/US/Hawaii	Pacific/Honolulu
posix/US/Michigan	America/New_York
posix/US/Mountain	America/Denver
posix/US/Pacific	America/Los_Angeles
posix/US/Samoa	Pacific/Pago_Pago
posix/UTC	UTC
posix/Universal	UTC
posix/W-SU	Europe/Moscow
posix/WET	WET
posix/Zulu	UTC
right/Africa/Abidjan	Africa/Abidjan
right/Africa/Accra	Africa/Accra
right/Africa/Addis_Ababa	Africa/Addis_Ababa
right/Africa/Algiers	Africa/Algiers
right/Africa/Asmera	Africa/Asmera
right/Africa/Bamako	GMT
right/Africa/Bangui	Africa/Bangui
right/Africa/Banjul	Africa/Banjul
right/Africa/Bissau	Africa/Bissau
right/Africa/Blantyre	Africa/Blantyre
right/Africa/Brazzaville	Africa/Luanda
right/Africa/Bujumbura	Africa/Bujumbura
right/Africa/Cairo	Africa/Cairo
right/Africa/Casablanca	Africa/Casablanca
right/Africa/Ceuta	Europe/Paris
right/Africa/Conakry	Africa/Conakry
right/Africa/Dakar	Africa/Dakar
right/Africa/Dar_es_Salaam	Africa/Dar_es_Salaam
right/Africa/Djibouti	Africa/Djibouti
right/Africa/Douala	Africa/Douala
right/Africa/El_Aaiun	Africa/Casablanca
right/Africa/Freetown	Africa/Freetown
right/Africa/Gaborone	Africa/Gaborone
right/Africa/Harare	Africa/Harare
right/Africa/Johannesburg	Africa/Johannesburg
right/Africa/Kampala	Africa/Kampala
right/Africa/Khartoum	Africa/Khartoum
right/Africa/Kigali	Africa/Kigali
right/Africa/Kinshasa	Africa/Kinshasa
right/Africa/Lagos	Africa/Lagos
right/Africa/Libreville	Africa/Libreville
right/Africa/Lome	Africa/Lome
right/Africa/Luanda	Africa/Luanda
right/Africa/Lubumbashi	Africa/Lubumbashi
right/Africa/Lusaka	Africa/Lusaka
right/Africa/Malabo	Africa/Malabo
right/Africa/Maputo	Africa/Maputo
right/Africa/Maseru	Africa/Maseru
right/Africa/Mbabane	Africa/Mbabane
right/Africa/Mogadishu	Africa/Mogadishu
right/Africa/Monrovia	Africa/Monrovia
right/Africa/Nairobi	Africa/Nairobi
right/Africa/Ndjamena	Africa/Ndjamena
right/Africa/Niamey	Africa/Niamey
right/Africa/Nouakchott	Africa/Nouakchott
right/Africa/Ouagadougou	Africa/Ouagadougou
right/Africa/Porto-Novo	Africa/Porto-Novo
right/Africa/Sao_Tome	Africa/Sao_Tome
right/Africa/Timbuktu	Africa/Timbuktu
right/Africa/Tripoli	Africa/Tripoli
right/Africa/Tunis	Africa/Tunis
right/Africa/Windhoek	Africa/Windhoek
right/America/Adak	America/Adak
right/America/Anchorage	America/Anchorage
right/America/Anguilla	America/Anguilla
right/America/Antigua	America/Antigua
right/America/Araguaina	America/Sao_Paulo
right/America/Aruba	America/Aruba
right/America/Asuncion	America/Asuncion
right/America/Atka	America/Adak
right/America/Barbados	America/Barbados
right/America/Belize	America/Belize
right/America/Bogota	America/Bogota
right/America/Boise	America/Denver
right/America/Buenos_Aires	America/Buenos_Aires
right/America/Cancun	America/Chicago
right/America/Caracas	America/Caracas
right/America/Cayenne	America/Cayenne
right/America/Cayman	America/Cayman
right/America/Chicago	America/Chicago
right/America/Chihuahua	America/Denver
right/America/Costa_Rica	America/Costa_Rica
right/America/Cuiaba	America/Cuiaba
right/America/Curacao	America/Curacao
right/America/Dawson	America/Los_Angeles
right/America/Dawson_Creek	America/Dawson_Creek
right/America/Denver	America/Denver
right/America/Detroit	America/New_York
right/America/Dominica	America/Dominica
right/America/Edmonton	America/Edmonton
right/America/El_Salvador	America/El_Salvador
right/America/Ensenada	America/Tijuana
right/America/Fort_Wayne	America/Indianapolis
right/America/Fortaleza	America/Fortaleza
right/America/Glace_Bay	America/Halifax
right/America/Godthab	America/Godthab
right/America/Goose_Bay	America/Thule
right/America/Grand_Turk	America/Grand_Turk
right/America/Grenada	America/Grenada
right/America/Guadeloupe	America/Guadeloupe
right/America/Guatemala	America/Guatemala
right/America/Guayaquil	America/Guayaquil
right/America/Guyana	America/Guyana
right/America/Halifax	America/Halifax
right/America/Havana	America/Havana
right/America/Indiana/Indianapolis	America/Indianapolis
right/America/Indianapolis	America/Indianapolis
right/America/Inuvik	America/Denver
right/America/Iqaluit	America/New_York
right/America/Jamaica	America/Jamaica
right/America/Juneau	America/Anchorage
right/America/La_Paz	America/La_Paz
right/America/Lima	America/Lima
right/America/Los_Angeles	America/Los_Angeles
right/America/Louisville	America/New_York
right/America/Managua	America/Managua
right/America/Manaus	America/Manaus
right/America/Martinique	America/Martinique
right/America/Mazatlan	America/Mazatlan
right/America/Menominee	America/Winnipeg
right/America/Mexico_City	America/Mexico_City
right/America/Miquelon	America/Miquelon
right/America/Montevideo	America/Montevideo
right/America/Montreal	America/Montreal
right/America/Montserrat	America/Montserrat
right/America/Nassau	America/Nassau
right/America/New_York	America/New_York
right/America/Nipigon	America/New_York
right/America/Nome	America/Anchorage
right/America/Noronha	America/Noronha
right/America/Panama	America/Panama
right/America/Pangnirtung	America/Thule
right/America/Paramaribo	America/Paramaribo
right/America/Phoenix	America/Phoenix
right/America/Port-au-Prince	America/Port-au-Prince
right/America/Port_of_Spain	America/Port_of_Spain
right/America/Porto_Acre	America/Porto_Acre
right/America/Puerto_Rico	America/Puerto_Rico
right/America/Rainy_River	America/Chicago
right/America/Rankin_Inlet	America/Chicago
right/America/Regina	America/Regina
right/America/Santiago	America/Santiago
right/America/Santo_Domingo	America/Santo_Domingo
right/America/Sao_Paulo	America/Sao_Paulo
right/America/Scoresbysund	America/Scoresbysund
right/America/Shiprock	America/Denver
right/America/St_Johns	America/St_Johns
right/America/St_Kitts	America/St_Kitts
right/America/St_Lucia	America/St_Lucia
right/America/St_Thomas	America/St_Thomas
right/America/St_Vincent	America/St_Vincent
right/America/Tegucigalpa	America/Tegucigalpa
right/America/Thule	America/Thule
right/America/Thunder_Bay	America/New_York
right/America/Tijuana	America/Tijuana
right/America/Tortola	America/Tortola
right/America/Vancouver	America/Vancouver
right/America/Virgin	America/St_Thomas
right/America/Whitehorse	America/Los_Angeles
right/America/Winnipeg	America/Winnipeg
right/America/Yakutat	America/Anchorage
right/America/Yellowknife	America/Denver
right/Antarctica/Casey	Antarctica/Casey
right/Antarctica/DumontDUrville	Antarctica/DumontDUrville
right/Antarctica/Mawson	Antarctica/Mawson
right/Antarctica/McMurdo	Antarctica/McMurdo
right/Antarctica/Palmer	Antarctica/Palmer
right/Antarctica/South_Pole	Antarctica/McMurdo
right/Arctic/Longyearbyen	Europe/Oslo
right/Asia/Aden	Asia/Aden
right/Asia/Almaty	Asia/Almaty
right/Asia/Amman	Asia/Amman
right/Asia/Anadyr	Asia/Anadyr
right/Asia/Aqtau	Asia/Aqtau
right/Asia/Aqtobe	Asia/Aqtobe
right/Asia/Ashkhabad	Asia/Ashkhabad
right/Asia/Baghdad	Asia/Baghdad
right/Asia/Bahrain	Asia/Bahrain
right/Asia/Baku	Asia/Baku
right/Asia/Bangkok	Asia/Bangkok
right/Asia/Beirut	Asia/Beirut
right/Asia/Bishkek	Asia/Bishkek
right/Asia/Brunei	Asia/Brunei
right/Asia/Calcutta	Asia/Calcutta
right/Asia/Chungking	Asia/Shanghai
right/Asia/Colombo	Asia/Colombo
right/Asia/Dacca	Asia/Dacca
right/Asia/Damascus	Asia/Damascus
right/Asia/Dubai	Asia/Dubai
right/Asia/Dushanbe	Asia/Dushanbe
right/Asia/Gaza	Asia/Amman
right/Asia/Harbin	Asia/Shanghai
right/Asia/Hong_Kong	Asia/Hong_Kong
right/Asia/Irkutsk	Asia/Irkutsk
right/Asia/Istanbul	Europe/Istanbul
right/Asia/Jakarta	Asia/Jakarta
right/Asia/Jayapura	Asia/Jayapura
right/Asia/Jerusalem	Asia/Jerusalem
right/Asia/Kabul	Asia/Kabul
right/Asia/Kamchatka	Asia/Kamchatka
right/Asia/Karachi	Asia/Karachi
right/Asia/Kashgar	Asia/Shanghai
right/Asia/Katmandu	Asia/Katmandu
right/Asia/Krasnoyarsk	Asia/Krasnoyarsk
right/Asia/Kuala_Lumpur	Asia/Kuala_Lumpur
right/Asia/Kuwait	Asia/Kuwait
right/Asia/Macao	Asia/Macao
right/Asia/Magadan	Asia/Magadan
right/Asia/Manila	Asia/Manila
right/Asia/Muscat	Asia/Muscat
right/Asia/Nicosia	Asia/Nicosia
right/Asia/Novosibirsk	Asia/Novosibirsk
right/Asia/Omsk	Asia/Novosibirsk
right/Asia/Phnom_Penh	Asia/Phnom_Penh
right/Asia/Pyongyang	Asia/Pyongyang
right/Asia/Qatar	Asia/Qatar
right/Asia/Rangoon	Asia/Rangoon
right/Asia/Riyadh	Asia/Riyadh
right/Asia/Saigon	Asia/Saigon
right/Asia/Seoul	Asia/Seoul
right/Asia/Shanghai	Asia/Shanghai
right/Asia/Singapore	Asia/Singapore
right/Asia/Taipei	Asia/Taipei
right/Asia/Tashkent	Asia/Tashkent
right/Asia/Tbilisi	Asia/Tbilisi
right/Asia/Tehran	Asia/Tehran
right/Asia/Tel_Aviv	Asia/Jerusalem
right/Asia/Thimbu	Asia/Thimbu
right/Asia/Tokyo	Asia/Tokyo
right/Asia/Ujung_Pandang	Asia/Ujung_Pandang
right/Asia/Urumqi	Asia/Shanghai
right/Asia/Vientiane	Asia/Vientiane
right/Asia/Vladivostok	Asia/Vladivostok
right/Asia/Yakutsk	Asia/Yakutsk
right/Asia/Yekaterinburg	Asia/Yekaterinburg
right/Asia/Yerevan	Asia/Yerevan
right/Atlantic/Azores	Atlantic/Azores
right/Atlantic/Bermuda	Atlantic/Bermuda
right/Atlantic/Canary	Atlantic/Canary
right/Atlantic/Cape_Verde	Atlantic/Cape_Verde
right/Atlantic/Faeroe	Atlantic/Faeroe
right/Atlantic/Jan_Mayen	Atlantic/Jan_Mayen
right/Atlantic/Madeira	Europe/London
right/Atlantic/Reykjavik	Atlantic/Reykjavik
right/Atlantic/South_Georgia	Atlantic/South_Georgia
right/Atlantic/St_Helena	Atlantic/St_Helena
right/Atlantic/Stanley	Atlantic/Stanley
right/Australia/ACT	Australia/Sydney
right/Australia/Adelaide	Australia/Adelaide
right/Australia/Brisbane	Australia/Brisbane
right/Australia/Broken_Hill	Australia/Broken_Hill
right/Australia/Canberra	Australia/Sydney
right/Australia/Darwin	Australia/Darwin
right/Australia/Hobart	Australia/Hobart
right/Australia/LHI	Australia/Lord_Howe
right/Australia/Lord_Howe	Australia/Lord_Howe
right/Australia/Melbourne	Australia/Sydney
right/Australia/NSW	Australia/Sydney
right/Australia/North	Australia/Darwin
right/Australia/Perth	Australia/Perth
right/Australia/Queensland	Australia/Brisbane
right/Australia/South	Australia/Adelaide
right/Australia/Sydney	Australia/Sydney
right/Australia/Tasmania	Australia/Hobart
right/Australia/Victoria	Australia/Sydney
right/Australia/West	Australia/Perth
right/Australia/Yancowinna	Australia/Broken_Hill
right/Brazil/Acre	America/Porto_Acre
right/Brazil/DeNoronha	America/Noronha
right/Brazil/East	America/Sao_Paulo
right/Brazil/West	America/Manaus
right/CET	Europe/Paris
right/CST6CDT	America/Chicago
right/Canada/Atlantic	America/Halifax
right/Canada/Central	America/Winnipeg
right/Canada/East-Saskatchewan	America/Regina
right/Canada/Eastern	America/Montreal
right/Canada/Mountain	America/Edmonton
right/Canada/Newfoundland	America/St_Johns
right/Canada/Pacific	America/Vancouver
right/Canada/Saskatchewan	America/Regina
right/Canada/Yukon	America/Los_Angeles
right/Chile/Continental	America/Santiago
right/Chile/EasterIsland	Pacific/Easter
right/Cuba	America/Havana
right/EET	Europe/Istanbul
right/EST	America/Indianapolis
right/EST5EDT	America/New_York
right/Egypt	Africa/Cairo
right/Eire	Europe/Dublin
right/Etc/GMT	GMT
right/Etc/GMT0	GMT
right/Etc/Greenwich	GMT
right/Etc/UCT	UTC
right/Etc/UTC	UTC
right/Etc/Universal	UTC
right/Etc/Zulu	UTC
right/Europe/Amsterdam	Europe/Amsterdam
right/Europe/Andorra	Europe/Andorra
right/Europe/Athens	Europe/Athens
right/Europe/Belfast	Europe/London
right/Europe/Belgrade	Europe/Belgrade
right/Europe/Berlin	Europe/Berlin
right/Europe/Bratislava	Europe/Prague
right/Europe/Brussels	Europe/Brussels
right/Europe/Bucharest	Europe/Bucharest
right/Europe/Budapest	Europe/Budapest
right/Europe/Chisinau	Europe/Chisinau
right/Europe/Copenhagen	Europe/Copenhagen
right/Europe/Dublin	Europe/Dublin
right/Europe/Gibraltar	Europe/Gibraltar
right/Europe/Helsinki	Europe/Helsinki
right/Europe/Istanbul	Europe/Istanbul
right/Europe/Kaliningrad	Europe/Kaliningrad
right/Europe/Kiev	Europe/Kiev
right/Europe/Lisbon	Europe/Lisbon
right/Europe/Ljubljana	Europe/Belgrade
right/Europe/London	Europe/London
right/Europe/Luxembourg	Europe/Luxembourg
right/Europe/Madrid	Europe/Madrid
right/Europe/Malta	Europe/Malta
right/Europe/Minsk	Europe/Minsk
right/Europe/Monaco	Europe/Monaco
right/Europe/Moscow	Europe/Moscow
right/Europe/Oslo	Europe/Oslo
right/Europe/Paris	Europe/Paris
right/Europe/Prague	Europe/Prague
right/Europe/Riga	Europe/Riga
right/Europe/Rome	Europe/Rome
right/Europe/Samara	Europe/Samara
right/Europe/San_Marino	Europe/Rome
right/Europe/Sarajevo	Europe/Belgrade
right/Europe/Simferopol	Europe/Simferopol
right/Europe/Skopje	Europe/Belgrade
right/Europe/Sofia	Europe/Sofia
right/Europe/Stockholm	Europe/Stockholm
right/Europe/Tallinn	Europe/Tallinn
right/Europe/Tirane	Europe/Tirane
right/Europe/Vaduz	Europe/Vaduz
right/Europe/Vatican	Europe/Rome
right/Europe/Vienna	Europe/Vienna
right/Europe/Vilnius	Europe/Vilnius
right/Europe/Warsaw	Europe/Warsaw
right/Europe/Zagreb	Europe/Belgrade
right/Europe/Zurich	Europe/Zurich
right/Factory	GMT
right/GB	Europe/London
right/GMT	GMT
right/GMT0	GMT
right/Greenwich	GMT
right/HST	Pacific/Honolulu
right/Hongkong	Asia/Hong_Kong
right/Iceland	Atlantic/Reykjavik
right/Indian/Antananarivo	Indian/Antananarivo
right/Indian/Chagos	Indian/Chagos
right/Indian/Christmas	Indian/Christmas
right/Indian/Cocos	Indian/Cocos
right/Indian/Comoro	Indian/Comoro
right/Indian/Kerguelen	Indian/Kerguelen
right/Indian/Mahe	Indian/Mahe
right/Indian/Maldives	Indian/Maldives
right/Indian/Mauritius	Indian/Mauritius
right/Indian/Mayotte	Indian/Mayotte
right/Indian/Reunion	Indian/Reunion
right/Iran	Asia/Tehran
right/Israel	Asia/Jerusalem
right/Jamaica	America/Jamaica
right/Japan	Asia/Tokyo
right/Libya	Africa/Tripoli
right/MET	Europe/Paris
right/MST	America/Phoenix
right/MST7MDT	America/Denver
right/Mexico/BajaNorte	America/Tijuana
right/Mexico/BajaSur	America/Mazatlan
right/Mexico/General	America/Mexico_City
right/NZ	Pacific/Auckland
right/NZ-CHAT	Pacific/Chatham
right/Navajo	America/Denver
right/PRC	Asia/Shanghai
right/PST8PDT	America/Los_Angeles
right/Pacific/Apia	Pacific/Apia
right/Pacific/Auckland	Pacific/Auckland
right/Pacific/Chatham	Pacific/Chatham
right/Pacific/Easter	Pacific/Easter
right/Pacific/Efate	Pacific/Efate
right/Pacific/Enderbury	Pacific/Enderbury
right/Pacific/Fakaofo	Pacific/Fakaofo
right/Pacific/Fiji	Pacific/Fiji
right/Pacific/Funafuti	Pacific/Funafuti
right/Pacific/Galapagos	Pacific/Galapagos
right/Pacific/Gambier	Pacific/Gambier
right/Pacific/Guadalcanal	Pacific/Guadalcanal
right/Pacific/Guam	Pacific/Guam
right/Pacific/Honolulu	Pacific/Honolulu
right/Pacific/Kiritimati	Pacific/Kiritimati
right/Pacific/Kosrae	Pacific/Kosrae
right/Pacific/Majuro	Pacific/Majuro
right/Pacific/Marquesas	Pacific/Marquesas
right/Pacific/Nauru	Pacific/Nauru
right/Pacific/Niue	Pacific/Niue
right/Pacific/Norfolk	Pacific/Norfolk
right/Pacific/Noumea	Pacific/Noumea
right/Pacific/Pago_Pago	Pacific/Pago_Pago
right/Pacific/Palau	Pacific/Palau
right/Pacific/Pitcairn	Pacific/Pitcairn
right/Pacific/Ponape	Pacific/Ponape
right/Pacific/Port_Moresby	Pacific/Port_Moresby
right/Pacific/Rarotonga	Pacific/Rarotonga
right/Pacific/Saipan	Pacific/Saipan
right/Pacific/Samoa	Pacific/Pago_Pago
right/Pacific/Tahiti	Pacific/Tahiti
right/Pacific/Tarawa	Pacific/Tarawa
right/Pacific/Tongatapu	Pacific/Tongatapu
right/Pacific/Truk	Pacific/Truk
right/Pacific/Wake	Pacific/Wake
right/Pacific/Wallis	Pacific/Wallis
right/Poland	Europe/Warsaw
right/Portugal	Europe/Lisbon
right/ROC	Asia/Taipei
right/ROK	Asia/Seoul
right/Singapore	Asia/Singapore
right/SystemV/AST4ADT	America/Thule
right/SystemV/CST6CDT	America/Chicago
right/SystemV/EST5EDT	America/New_York
right/SystemV/MST7MDT	America/Denver
right/SystemV/PST8PDT	America/Los_Angeles
right/SystemV/YST9YDT	America/Anchorage
right/Turkey	Europe/Istanbul
right/UCT	UTC
right/US/Alaska	America/Anchorage
right/US/Aleutian	America/Adak
right/US/Arizona	America/Phoenix
right/US/Central	America/Chicago
right/US/East-Indiana	America/Indianapolis
right/US/Eastern	America/New_York
right/US/Hawaii	Pacific/Honolulu
right/US/Michigan	America/New_York
right/US/Mountain	America/Denver
right/US/Pacific	America/Los_Angeles
right/US/Samoa	Pacific/Pago_Pago
right/UTC	UTC
right/Universal	UTC
right/W-SU	Europe/Moscow
right/WET	WET
right/Zulu	UTC
